Stn_Name,Lat,Long,Prov,Tm,DwTm,D,Tx,DwTx,Tn,DwTn,S,DwS,S%N,P,DwP,P%N,S_G,Pd,BS,DwBS,BS%,HDD,CDD,Stn_No
CHEMAINUS,48.935,-123.742,BC,8.2,0,NA,13.5,0,1,0,0,0,NA,178.8,0,NA,0,12,,,NA,273.3,0,1011500
COWICHAN LAKE FORESTRY,48.824,-124.133,BC,7,0,3,15,0,-3,0,0,0,0,258.6,0,104,0,12,,,NA,307,0,1012040
LAKE COWICHAN,48.829,-124.052,BC,6.8,13,2.8,16,9,-2.5,9,0,9,NA,264.6,9,NA,,11,,,NA,168.1,0,1012055
DISCOVERY ISLAND,48.425,-123.226,BC,,,NA,12.5,0,,,,,NA,,,NA,,,,,NA,,,1012475
DUNCAN KELVIN CREEK,48.735,-123.728,BC,7.7,2,3.4,14.5,2,-1,2,0,2,NA,168.4,2,NA,,11,,,NA,267.7,0,1012573
ESQUIMALT HARBOUR,48.432,-123.439,BC,8.8,0,NA,13.1,0,1.9,0,,,NA,81,8,NA,,12,,,NA,258.6,0,1012710
GALIANO NORTH,48.985,-123.573,BC,8.9,7,NA,13.5,7,2,7,0,7,NA,110,7,NA,0,10,,,NA,191.7,0,10130MN
MALAHAT,48.575,-123.53,BC,7.2,1,NA,12.7,1,2.2,0,,,NA,108.8,10,NA,,12,,,NA,290.8,0,1014820
METCHOSIN,48.374,-123.561,BC,,,NA,,,,,0,0,0,102.6,0,95,0,16,,,NA,,,1015105
NORTH COWICHAN,48.824,-123.718,BC,,,NA,,,,,0,0,0,142.8,0,114,0,13,,,NA,,,1015628
NORTH COWICHAN,48.824,-123.719,BC,7.7,0,NA,14.7,0,-2.6,0,,,NA,132.8,0,NA,0,12,,,NA,288.8,0,1015630
NORTH PENDER ISLAND,48.764,-123.287,BC,8.6,1,NA,14,1,2,1,0,1,NA,91.1,1,NA,0,13,,,NA,253.6,0,1015638
RACE ROCKS,48.298,-123.531,BC,9.6,0,NA,15.6,0,5.2,0,,,NA,,,NA,,,,,NA,234.7,0,1016640
SAANICHTON CDA,48.622,-123.419,BC,8.1,0,2.8,14,0,-1,0,0,0,0,116.5,0,130,0,13,,,NA,277.8,0,1016940
SALTSPRING ST MARY'S L,48.888,-123.546,BC,8.3,1,3.3,14.5,1,1,1,0,1,NA,104.3,1,NA,0,11,,,NA,262.9,0,1016995
SAANICHTON MT NEWTON,48.598,-123.427,BC,,,NA,,,,,0,21,NA,67.8,21,NA,,7,,,NA,,,1016RM0
SATURNA CAPMON,48.775,-123.128,BC,7.8,0,2.8,12.9,0,2,0,0,0,0,77.2,0,120,0,14,,,NA,285.6,0,1017098
SATURNA CAPMON CS,48.775,-123.128,BC,7.6,0,NA,12.7,0,2.1,0,,,NA,72.5,1,NA,,13,,,NA,291.5,0,1017099
SATURNA ISLAND CS,48.784,-123.045,BC,8.7,1,NA,13.7,1,4.1,0,,,NA,65,2,NA,,12,,,NA,250.4,0,1017101
SHAWNIGAN LAKE,48.647,-123.626,BC,7.1,0,3,14,0,-1.5,0,0,0,0,158.8,0,118,0,15,,,NA,304.5,0,1017230
SHERINGHAM POINT,48.377,-123.921,BC,9.5,1,NA,14.4,1,5.1,0,,,NA,128.6,1,NA,,15,,,NA,228.2,0,1017254
VICTORIA UNIVERSITY CS,48.457,-123.305,BC,8.3,1,NA,14.9,1,0,0,,,NA,82.6,8,NA,,14,,,NA,261.6,0,1018598
VICTORIA FRANCIS PARK,48.476,-123.443,BC,,,NA,,,,,0,18,NA,70,18,NA,,10,,,NA,,,1018605
VICTORIA GONZALES CS,48.413,-123.325,BC,8.9,0,NA,13.4,0,3.4,0,,,NA,71.6,8,NA,,12,,,NA,255,0,1018611
VICTORIA HIGHLANDS NORTH,48.538,-123.501,BC,8.1,14,NA,13.3,13,1.8,12,0,13,NA,113.6,13,NA,,14,,,NA,139.3,0,1018618
VICTORIA INTL A,48.647,-123.426,BC,7.8,0,NA,14.4,0,-0.5,0,0,0,NA,112,0,NA,,14,,,NA,285.7,0,1018621
WILLIAM HEAD,48.34,-123.539,BC,9.2,1,3,14,1,3.5,1,0,1,NA,83.9,1,NA,0,14,,,NA,238.6,0,1018935
BALLENAS ISLAND,49.35,-124.16,BC,8.1,0,NA,13.7,0,4,0,,,NA,103,2,NA,,12,,,NA,277.5,0,1020590
CAMPBELL RIVER A,49.952,-125.273,BC,6.3,1,3,14.4,1,-5,1,0,1,NA,154.2,1,NA,0,15,,,NA,317.2,0,1021261
CAMPBELL RIVER SURFSIDE,49.945,-125.208,BC,,,,,,,,0,0,0,146.4,0,99,0,15,,,NA,,,1021266
CARWAY,49.001,-113.376,AB,-2.3,0,NA,16,0,-18.7,0,,,NA,19.1,2,NA,16,3,,,NA,568.6,0,3031402
CHAMPION AGDM,50.282,-113.35,AB,-4.7,0,NA,17.9,0,-23.4,0,,,NA,3.9,4,NA,,1,,,NA,635.6,0,3031480
CLARESHOLM,50.004,-113.639,AB,-3.4,0,NA,17,0,-24.7,0,,,NA,7.8,1,NA,2,3,,,NA,599.4,0,3031640
COP UPPER,51.076,-114.222,AB,-4.7,0,NA,13.7,0,-18.9,0,,,NA,5.6,0,NA,,2,,,NA,636.9,0,3031875
ENCHANT AGDM,50.183,-112.433,AB,-5,0,NA,15.4,0,-21.8,0,,,NA,4.8,2,NA,,2,,,NA,642.9,0,3032422
ETZIKOM AGCM,49.553,-111.054,AB,-5.8,0,NA,17.1,0,-26.4,0,,,NA,8.3,2,NA,,3,,,NA,665.8,0,3032450
FINCASTLE AGDM,49.8,-112.033,AB,-3.7,0,NA,16.3,0,-18.9,0,,,NA,8.4,4,NA,,2,,,NA,606.5,0,3032550
FOREMOST AGDM,49.483,-111.486,AB,-4.8,0,NA,15.4,0,-25.1,0,,,NA,4.5,8,NA,,2,,,NA,637.2,0,3032642
FORT MACLEOD AGCM,49.786,-113.379,AB,-2.6,1,NA,16.2,1,-22.3,0,,,NA,2.6,9,NA,,1,,,NA,555.6,0,3032683
GLEICHEN AGCM,50.934,-112.941,AB,-7.2,0,NA,11,0,-22.7,0,,,NA,3.1,0,NA,,0,,,NA,705,0,3032801
GRASSY LAKE,49.874,-111.733,AB,-4.8,0,NA,17.2,0,-26,0,,,NA,8.7,5,NA,,3,,,NA,638.6,0,3032927
IRON SPRINGS AGDM,49.9,-112.733,AB,-3.4,0,NA,16.1,0,-19.8,0,,,NA,4.5,3,NA,,2,,,NA,600,0,3033498
IRVINE AGCM,49.989,-110.261,AB,-6.2,0,NA,12.4,0,-26.2,0,,,NA,12,8,NA,,3,,,NA,677.6,0,3033550
LETHBRIDGE,49.63,-112.799,AB,-3.2,4,NA,16.1,3,-24.7,4,,,NA,0,7,NA,,0,,,NA,509.8,0,3033875
LETHBRIDGE CDA,49.695,-112.768,AB,-2.5,0,NA,17.1,0,-23.3,0,,,NA,2.8,0,NA,,0,,,NA,574.7,0,3033890
LETHBRIDGE CDA 2,49.7,-112.783,AB,,,NA,,,,,1,2,NA,0.8,2,NA,0,0,,,NA,,,3033892
LETHBRIDGE DEMO FARM AGDM,49.683,-112.75,AB,-2.8,0,NA,16.3,0,-23.2,0,,,NA,2.8,3,NA,,0,,,NA,583.2,0,3033897
MEDICINE HAT,50.019,-110.721,AB,-5.9,0,NA,13.7,0,-25.5,0,,,NA,4.2,0,NA,,2,,,NA,669.2,0,3034479
MEDICINE HAT RCS,50.025,-110.717,AB,-6,0,NA,14.9,0,-27.2,0,,,NA,9.3,0,NA,2,3,,,NA,671.6,0,3034485
MOSSLEIGH AGCM,50.673,-113.349,AB,-6.3,0,NA,13.7,0,-24.8,0,,,NA,3.4,1,NA,,2,,,NA,680.3,0,3034577
NEIR AGDM,51.369,-114.099,AB,-5.3,0,NA,14.4,0,-21.9,0,,,NA,2.9,3,NA,,1,,,NA,651.2,0,3034795
PINCHER CREEK,49.521,-113.997,AB,-2.4,1,NA,13.5,1,-22.7,1,,,NA,6.8,1,NA,,3,,,NA,551.2,0,3035198
PINCHER CREEK CLIMATE,49.522,-114.005,AB,-2.5,0,NA,13.4,0,-22.9,0,,,NA,17.3,0,NA,5,7,,,NA,573.3,0,3035208
QUEENSTOWN,50.606,-112.983,AB,-6.4,0,-0.8,15,0,-24.5,0,1,0,6,1,0,6,0,1,,,NA,683,0,3035340
QUEENSTOWN,50.598,-112.803,AB,,,NA,,,,,,,NA,4.1,1,NA,,0,,,NA,,,3035342
RAYMOND AGDM,49.483,-112.683,AB,-2.8,0,NA,16,0,-22.6,0,,,NA,3.6,3,NA,,1,,,NA,583.5,0,3035422
ROLLING HILLS AGCM,50.265,-111.701,AB,-6.6,0,NA,12.5,0,-28.2,0,,,NA,4.2,4,NA,,2,,,NA,689.1,0,3035530
ROSEMARY AGDM,50.833,-112.05,AB,-10,0,NA,9.5,0,-31.2,0,,,NA,7.1,6,NA,,3,,,NA,782.9,0,3035650
SEVEN PERSONS AGDM,49.917,-110.917,AB,-5.6,0,NA,14.9,0,-23.6,0,,,NA,8.8,1,NA,,3,,,NA,659.4,0,3035845
STANDARD AGCM,51.228,-112.982,AB,-7.1,0,NA,10.1,0,-20.9,0,,,NA,15.7,0,NA,,4,,,NA,703.6,0,3036086
STAVELY AAFC,50.183,-113.883,AB,-3,0,NA,15.1,0,-18.5,0,,,NA,11.3,0,NA,,5,,,NA,589.1,0,3036099
STRATHMORE AGDM,51.033,-113.283,AB,-7,0,NA,10.6,0,-23.5,0,,,NA,3.8,0,NA,,1,,,NA,700.9,0,3036205
TABER,49.792,-112.124,AB,-6.4,15,NA,16.5,10,-20,10,4,10,NA,4,10,NA,,3,,,NA,317.2,0,3036360
TRAVERS AGCM,50.304,-112.863,AB,-4.9,0,NA,16.8,0,-21.6,0,,,NA,1.9,4,NA,,0,,,NA,641.4,0,3036500
VAUXHALL CDA CS,50.05,-112.133,AB,-5,0,NA,17,0,-21.7,0,,,NA,8.8,0,NA,,1,,,NA,643.5,0,3036682
WILDCAT HILLS,51.269,-114.721,AB,-5,4,NA,14.5,4,-22.5,4,12.4,4,NA,13.8,4,NA,4,5,,,NA,552.5,0,3037550
WRENTHAM AGDM,49.5,-112.117,AB,-3.6,0,NA,14.7,0,-21.1,0,,,NA,5,11,NA,,2,,,NA,605.5,0,3037675
OKOTOKS,50.729,-113.961,AB,-4.7,0,0.3,16,0,-22,0,11.5,0,67,11.5,0,66,6,4,,,NA,634.7,0,303M9JM
DEL BONITA AGDM,49.05,-112.817,AB,-2.7,1,NA,15.4,0,-20.2,1,,,NA,8,2,NA,,2,,,NA,558.6,0,3042045
MANYBERRIES AGCM,49.364,-110.678,AB,-6.3,0,NA,14.5,0,-28.6,0,,,NA,10.7,2,NA,,3,,,NA,681.7,0,3044203
MASINASIN AGDM,49.137,-111.652,AB,-3.3,0,NA,16.7,0,-23.3,0,,,NA,5.8,3,NA,0,1,,,NA,596,0,3044232
MILK RIVER,49.133,-112.05,AB,-3.8,0,NA,17.2,0,-23.9,0,,,NA,10.4,0,NA,6,2,,,NA,609.1,0,3044533
ONEFOUR CDA,49.117,-110.467,AB,-6,0,NA,13,0,-26.3,0,,,NA,4.4,0,NA,0,2,,,NA,672,0,3044923
PAKOWKI LAKE AGCM,49.225,-111.126,AB,-4.4,1,NA,14.8,1,-25,1,,,NA,5.8,5,NA,,3,,,NA,606,0,3045000
BANFF CS,51.193,-115.552,AB,-2.5,0,NA,9.9,0,-21.2,0,,,NA,21.8,0,NA,1,7,,,NA,573.1,0,3050519
BEAVER MINES,49.468,-114.175,AB,-2.3,0,NA,12,0,-23.8,0,,,NA,16.2,6,NA,12,4,,,NA,567.5,0,3050602
BOW VALLEY,51.083,-115.067,AB,-3.4,0,NA,13.5,0,-24.3,0,,,NA,22.7,1,NA,,5,,,NA,598.2,0,3050778
CROWSNEST,49.628,-114.482,AB,-2.2,0,NA,11.3,0,-20.8,0,,,NA,0,27,NA,,0,,,NA,564.4,0,3051R4R
JASPER WARDEN,52.926,-118.03,AB,-4.2,0,NA,10,0,-21.6,0,,,NA,25.1,0,NA,18,7,,,NA,621.5,0,3053536
KANANASKIS,51.028,-115.035,AB,-2.8,0,1.9,14,0,-21,0,31.9,0,134,24.4,0,116,12,6,,,NA,581.7,0,3053600
KANANASKIS POCATERRA,50.713,-115.12,AB,-4.8,22,3.3,9,15,-20,15,9,17,NA,9,15,NA,,3,,,NA,137,0,3053604
NORDEGG CS,52.492,-116.04,AB,-5.4,0,NA,13.5,0,-22.4,0,,,NA,30,0,NA,24,7,,,NA,655.8,0,3054843
PEKISKO,50.368,-114.416,AB,-4.5,0,NA,11.3,0,-25.3,0,,,NA,22.2,2,NA,22,5,,,NA,629.5,0,3055119
WATERTON PARK GATE,49.131,-113.809,AB,-2.2,0,NA,13.8,0,-25.9,0,,,NA,31.1,0,NA,,6,,,NA,566.5,0,3056214
NAKISKA RIDGETOP,50.943,-115.19,AB,-6.1,0,NA,5.3,0,-18.7,0,,,NA,,,NA,,,,,NA,675.2,0,305MGFF
ATHABASCA AGCM,54.635,-113.382,AB,-10.8,0,NA,8.1,0,-26.4,0,,,NA,19.1,0,NA,,5,,,NA,805.3,0,3060330
ATMORE AGDM,54.782,-112.825,AB,-12.6,2,NA,7.1,2,-32.8,2,,,NA,19.7,5,NA,12,6,,,NA,795,0,3060406
BARRHEAD CS,54.095,-114.448,AB,-9.6,0,NA,11.3,0,-26.9,0,,,NA,19.1,0,NA,18,6,,,NA,772.5,0,3060535
BRULE BLACK CAT,53.35,-117.867,AB,-6.3,13,0.2,12,10,-23.5,6,23.2,6,NA,23.2,6,NA,32,7,,,NA,364.9,0,3060903
CAMPSIE AUTO,54.131,-111.678,AB,-9.2,0,NA,12.4,0,-29.8,0,,,NA,19,0,NA,15,6,,,NA,762.8,0,3061201
DAPP AGDM,54.317,-113.95,AB,-11.8,0,NA,6.9,0,-31,0,,,NA,15.7,4,NA,,6,,,NA,833.5,0,3061975
EDSON,53.579,-116.465,AB,-8.3,4,NA,9,4,-26,4,,,NA,14.1,4,NA,,2,,,NA,631,0,3062239
EDSON CLIMATE,53.58,-116.453,AB,-7.6,0,NA,12.9,0,-28.2,0,,,NA,28.2,0,NA,35,6,,,NA,717.7,0,3062246
ENTWISTLE,53.6,-114.983,AB,-5,11,2.5,14,11,-25,11,33,11,NA,33,11,NA,0,7,,,NA,390.3,0,3062451
EVANSBURG AGCM,53.573,-115.124,AB,-7.8,0,NA,11.8,0,-25.2,0,,,NA,25.3,1,NA,,7,,,NA,722,0,3062475
FORT ASSINIBOINE AGCM,54.41,-114.769,AB,-9.2,0,NA,12.2,0,-26.5,0,,,NA,19.5,0,NA,,6,,,NA,761.3,0,3062660
FORT MCMURRAY CS,56.651,-111.213,AB,-17.6,0,NA,2.9,0,-39.6,0,,,NA,25.5,0,NA,27,7,,,NA,995.8,0,3062696
FORT MCMURRAY A,56.653,-111.223,AB,-18.2,6,NA,-2.8,6,-38.5,4,,,NA,19.8,6,NA,,4,,,NA,795.6,0,3062697
HENDRICKSON CREEK,53.795,-118.447,AB,-7.7,1,NA,9.4,1,-27.9,0,,,NA,28.5,2,NA,81,7,,,NA,694.6,0,3063135
HIGH PRAIRIE AGDM,55.396,-116.479,AB,-9.9,0,NA,8.3,0,-27.5,0,,,NA,14.5,8,NA,,7,,,NA,780.9,0,3063165
ISLAND LAKE SOUTH,54.821,-113.543,AB,-11.5,0,NA,7.1,0,-30.7,0,,,NA,24.6,0,NA,11,6,,,NA,824.8,0,3063600
LAC LA BICHE CLIMATE,54.769,-112.024,AB,-13.2,0,NA,8.1,0,-30,0,,,NA,24.1,0,NA,24,6,,,NA,873.3,0,3063686
MILDRED LAKE,57.041,-111.559,AB,-16.7,0,NA,2.9,0,-36,0,,,NA,29.2,1,NA,41,8,,,NA,971.5,0,3064528
RICH LAKE AGDM,54.5,-111.7,AB,-14.3,0,NA,6.8,0,-32.4,0,,,NA,16.1,0,NA,,6,,,NA,904.4,0,3065475
SLAVE LAKE,55.293,-114.777,AB,-10.7,1,NA,7.7,1,-25,1,,,NA,18,1,NA,,4,,,NA,774.1,0,3065995
SLAVE LAKE RCS,55.293,-114.777,AB,-11,0,NA,7,0,-25.5,0,,,NA,14.6,1,NA,2,6,,,NA,813.3,0,3065997
TAWATINAW AGCM,54.3,-113.52,AB,-11.3,0,NA,6.4,0,-25.6,0,,,NA,16.8,7,NA,,7,,,NA,820.8,0,3066367
WHITECOURT,54.14,-115.784,AB,-8.2,0,NA,12.3,0,-23,0,,,NA,,,NA,,,,,NA,732.9,0,3067371
WHITECOURT A,54.144,-115.787,AB,-8.6,0,NA,11.6,0,-24,0,,,NA,,,NA,22,,,,NA,745.6,0,3067373
WILLOW CREEK 1,53.386,-118.348,AB,-6.7,0,NA,9.4,0,-26.5,0,,,NA,25.3,3,NA,42,7,,,NA,692.5,0,306GE70
BEAVERLODGE RCS,55.197,-119.396,AB,-8,2,NA,10.4,1,-27.1,1,,,NA,37.9,2,NA,7,10,,,NA,674.8,0,3070600
BROWNVALE AGCM,56.118,-117.886,AB,-10.6,0,NA,6.8,0,-24.4,0,,,NA,15.9,7,NA,,5,,,NA,801.4,0,3070800
EAGLESHAM AGCM,55.808,-117.887,AB,-10.6,0,NA,7.5,0,-26.9,0,,,NA,16.4,3,NA,,7,,,NA,800.9,0,3072151
EGG ISLAND,58.981,-110.439,AB,-22.8,1,NA,-4.5,1,-39,0,,,NA,,,NA,,,,,NA,1101.6,0,3072246
FAIRVIEW AGDM,56.081,-118.439,AB,-10.9,0,NA,6.8,0,-27,0,,,NA,20.4,7,NA,,9,,,NA,808.3,0,3072525
FORT CHIPEWYAN,58.767,-111.117,AB,-22.5,1,NA,-3,1,-40.3,1,,,NA,12.9,1,NA,,2,,,NA,1093.9,0,3072655
FORT CHIPEWYAN RCS,58.767,-111.117,AB,-22.8,0,NA,-3.2,0,-40.8,0,,,NA,44,0,NA,30,17,,,NA,1142.5,0,3072659
FORT VERMILION,58.382,-116.04,AB,-17.8,0,NA,3.1,0,-34.4,0,,,NA,28.9,0,NA,0,5,,,NA,1002.5,0,3072723
GRANDE PRAIRIE A,55.18,-118.885,AB,-9.7,0,NA,7.8,0,-30.5,0,29.4,1,NA,26.4,1,NA,29,8,,,NA,774.4,0,3072921
HAWK HILLS AGCM,57.265,-117.298,AB,-14.8,0,NA,7.2,0,-35.9,0,,,NA,18.4,0,NA,,5,,,NA,917.8,0,3073071
HIGH LEVEL,58.622,-117.165,AB,-17.9,1,NA,4.3,1,-37,0,,,NA,23.1,1,NA,,4,,,NA,969,0,3073140
HIGH LEVEL A,58.621,-117.165,AB,-18.6,0,-1.7,4.4,0,-38,0,50.8,0,241,37.8,0,216,57,8,,,NA,1024.7,0,3073146
CAPE MUDGE,49.998,-125.195,BC,7.9,2,3.3,16,2,1.5,2,0,2,NA,73.6,2,NA,0,12,,,NA,263.1,0,1021330
CHATHAM POINT,50.333,-125.446,BC,7.8,1,3.2,12,1,1.5,1,0,1,NA,192,1,NA,0,14,,,NA,276.3,0,1021480
CHROME ISLAND,49.472,-124.683,BC,8.3,0,NA,14,0,2.5,0,0,0,NA,234.8,0,NA,0,16,,,NA,270.4,0,1021500
COMOX A,49.717,-124.9,BC,7.4,0,3.1,13.5,0,-1.1,0,0,0,0,173.3,0,152,,11,,,NA,296.9,0,1021830
CORTES ISLAND TIBER BAY,50.071,-124.949,BC,8.5,14,NA,14.4,14,-1.5,14,0,14,NA,100,14,NA,0,12,,,NA,132.8,0,1021960
COURTENAY GRANTHAM,49.763,-124.999,BC,7.6,6,NA,13.5,6,0.5,6,0,6,NA,140.1,6,NA,,13,,,NA,229.2,0,1021988
COURTENAY PUNTLEDGE,49.686,-125.033,BC,6.9,7,NA,16,4,-3,4,0,4,NA,152.1,4,NA,0,13,,,NA,232.6,0,1021989
ENTRANCE ISLAND,49.209,-123.811,BC,8.3,0,NA,13.2,0,4.5,0,,,NA,84.4,0,NA,,12,,,NA,271.1,0,1022689
FANNY ISLAND,50.454,-125.993,BC,8.3,0,NA,12.5,0,2.4,0,,,NA,167.6,7,NA,,15,,,NA,272,0,1022795
HERIOT BAY SE,50.099,-125.203,BC,7.4,4,NA,13,4,0.5,4,0,4,NA,164.8,4,NA,0,15,,,NA,254.2,0,1023462
LITTLE QUALICUM HATCHERY,49.353,-124.512,BC,6.6,0,2.9,13.5,0,-4,0,0,0,0,167.9,0,147,0,13,,,NA,319.1,0,1024638
MUD BAY,49.471,-124.794,BC,7.5,1,3.5,14,1,-1,0,0,0,0,299.4,0,160,0,15,,,NA,283,0,1025240
ONATCHIWAY,48.894,-71.032,QC,-23.7,0,NA,-6.9,0,-43.5,0,,,NA,12.9,1,NA,,4,,,NA,1167.9,0,7065738
PERIBONCA,48.767,-72.033,QC,-22.6,2,NA,-6,2,-43,0,9.5,1,NA,9.5,1,NA,45,3,,,NA,1056.3,0,7065960
ROBERVAL A,48.52,-72.266,QC,-21.9,0,NA,-4.7,0,-38,0,13.8,1,NA,13.8,0,NA,18,3,,,NA,1116.4,0,7066686
ST AMBROISE,48.567,-71.333,QC,-22.1,9,-7.2,-5,9,-43.5,1,20.6,1,NA,20.6,1,NA,24,6,,,NA,762.8,0,7066820
ST PRIME,48.617,-72.417,QC,-21.4,3,-7.1,-3,3,-38,2,16,1,NA,16,1,NA,14,5,,,NA,984.4,0,7067658
LAC BENOIT,51.533,-71.111,QC,-29.4,2,NA,-10.6,2,-49.6,1,,,NA,,,NA,,,,,NA,1233.5,0,706I001
MANOUANE EST,50.656,-70.532,QC,-27.1,2,NA,-10.1,2,-43.7,1,,,NA,6.5,2,NA,,2,,,NA,1172.9,0,706I155
LA BAIE,48.298,-70.92,QC,-22.2,0,NA,-5,0,-39.7,0,,,NA,,,NA,,,,,NA,1125.9,0,706Q001
GRANDE ANSE,47.1,-72.933,QC,-19.9,2,-7.8,-3,2,-38,2,26.6,0,62,26.6,0,55,48,6,,,NA,986.4,0,7072816
PARENT,47.922,-74.624,QC,-23.1,0,NA,-5.6,0,-39.5,0,,,NA,16.9,0,NA,46,5,,,NA,1149.4,0,7075800
ST MICHEL DES SAINTS,46.683,-73.917,QC,-20.1,19,-8.4,-4,13,-37,16,25,2,NA,25,2,NA,,7,,,NA,343,0,7077570
SAINT-MICHEL-DES-SAINTS,46.816,-74.094,QC,-20.5,0,NA,-5.5,0,-36.6,0,,,NA,14.9,7,NA,43,6,,,NA,1079.3,0,7077571
LA TUQUE,47.411,-72.788,QC,-21.9,0,NA,-3.7,0,-38.3,0,,,NA,19,0,NA,39,8,,,NA,1118.2,0,707DBD4
BARRAGE TEMISCAMINGUE,46.71,-79.101,QC,-17.7,0,NA,-4.1,0,-30,0,,,NA,28.9,0,NA,57,13,,,NA,999.6,0,7080468
MONT BRUN,48.417,-78.733,QC,,,,-5.5,19,-27.5,26,34,0,77,34,0,71,64,11,,,NA,,,7085106
ROUYN,48.246,-79.034,QC,-21.8,0,NA,-4.6,0,-34.1,0,,,NA,24.6,0,NA,,12,,,NA,1114.2,0,7086716
CHAPAIS,49.823,-74.975,QC,-24.8,0,NA,-6.5,0,-41.1,0,,,NA,,,NA,,,,,NA,1199.3,0,7091299
CHIBOUGAMAU CHAPAIS A,49.767,-74.533,QC,-25.5,8,NA,-10.5,8,-42.4,8,11.6,8,NA,11.6,8,NA,,2,,,NA,869.5,0,7091404
LA GRANDE 4 A,53.755,-73.675,QC,-29.2,0,NA,-13.2,0,-45.5,0,,,NA,1,0,NA,,0,,,NA,1322.4,0,7093714
LA GRANDE RIVIERE A,53.625,-77.704,QC,-28.4,0,NA,-11.6,0,-42.1,0,10.4,1,NA,10.4,1,NA,34,5,,,NA,1300.1,0,7093716
LA GRANDE IV A,53.757,-73.679,QC,,,NA,,,,,10.7,0,NA,7.7,0,NA,96,2,,,NA,,,7093GJ3
LA GRANDE IV,53.757,-73.679,QC,-29.2,0,NA,-13.3,0,-45.7,0,,,NA,19.6,2,NA,55,8,,,NA,1322.9,0,7093GJ5
MATAGAMI A,49.762,-77.803,QC,-24.7,1,NA,-5.7,1,-39.2,1,,,NA,3.4,2,NA,,0,,,NA,1153.6,0,7094636
MATAGAMI,49.758,-77.793,QC,-24.6,0,NA,-5.9,0,-38.3,0,,,NA,8.4,4,NA,,3,,,NA,1191.4,0,7094637
VAL-D'OR A,48.056,-77.787,QC,,,NA,,,,,24.8,0,NA,16,0,NA,29,6,,,NA,,,7098600
VAL-D'OR,48.056,-77.786,QC,-22.2,0,NA,-5,0,-36.5,0,,,NA,9.6,3,NA,41,3,,,NA,1124.3,0,7098603
VAL D'OR A,48.053,-77.783,QC,-21.9,0,NA,-4.9,0,-36.1,0,,,NA,1.6,0,NA,,0,,,NA,1116.8,0,7098605
LAC BERRY,48.8,-78.283,QC,-24,5,-8.3,-5.5,4,-44,3,3.9,9,NA,3.9,9,NA,55,2,,,NA,965.7,0,709CEE9
INUKJUAK,58.472,-78.077,QC,-31.4,0,NA,-17.6,0,-41.7,0,,,NA,2.6,0,NA,,0,,,NA,1383.7,0,7103280
INUKJUAK A,58.472,-78.077,QC,-31.6,0,NA,-17.8,0,-42,0,,,NA,1.3,3,NA,0,0,,,NA,1387.9,0,710S005
KUUJJUAQ A,58.089,-68.422,QC,-30.1,0,NA,-17.5,0,-41.9,0,2.4,0,NA,5.6,1,NA,27,1,,,NA,1347.8,0,7113535
PARC NATIONAL DES PINGUALUIT,61.313,-73.668,QC,-36.1,0,NA,-26.7,0,-44.5,0,,,NA,0.2,8,NA,5,0,,,NA,1514.4,0,7115800
RIVIERE AUX FEUILLES,57.909,-72.976,QC,-34.3,0,NA,-22.1,0,-48.9,0,,,NA,1.4,7,NA,3,0,,,NA,1465.6,0,7116505
SALLUIT,62.179,-75.67,QC,-31.2,0,NA,-23.3,0,-37.3,0,,,NA,2,3,NA,,0,,,NA,1377.5,0,7117800
SCHEFFERVILLE A,54.805,-66.805,QC,-28.6,0,NA,-15,0,-43.5,0,,,NA,7.2,0,NA,,1,,,NA,1304.7,0,7117823
SCHEFFERVILLE,54.8,-66.8,QC,-28.8,0,NA,-13.7,0,-43.3,0,,,NA,6.3,0,NA,34,1,,,NA,1310.3,0,7117827
AROOSTOOK,46.712,-67.716,NB,-17.9,0,-7.4,-1,0,-34,0,67,0,133,67,0,105,66,9,,,NA,1005.8,0,8100300
BAS CARAQUET,47.802,-64.833,NB,-15.7,0,NA,-2.8,0,-30.8,0,,,NA,105.7,0,NA,,16,,,NA,944.5,0,8100467
BAS CARAQUET,47.8,-64.867,NB,,,NA,,,,,165,0,NA,165,0,NA,146,14,,,NA,,,8100468
BATHURST A,47.63,-65.739,NB,-16.9,0,NA,-2.5,0,-35.1,0,76.6,1,NA,77.4,0,NA,92,12,,,NA,977,0,8100505
BUCTOUCHE CDA CS,46.43,-64.768,NB,-14.6,0,NA,0.5,0,-28.9,0,,,NA,70.3,1,NA,,10,,,NA,913,0,8100593
CHARLO AUTO,47.99,-66.334,NB,-16.6,0,NA,-2.8,0,-31.6,0,,,NA,31.9,1,NA,37,9,,,NA,969,0,8100885
MIRAMICHI RCS,47.009,-65.465,NB,-15.4,0,NA,-0.9,0,-30.5,0,,,NA,75.3,0,NA,76,10,,,NA,936.2,0,8100989
DOAKTOWN AUTO RCS,46.585,-66.01,NB,-16.1,0,NA,-1.3,0,-31.7,0,,,NA,76.3,1,NA,102,8,,,NA,956.1,0,8101201
EDMUNDSTON,47.417,-68.324,NB,-19,0,NA,-2.1,0,-35.7,0,,,NA,18.2,0,NA,46,5,,,NA,1036.8,0,8101303
FREDERICTON,45.869,-66.537,NB,-14.7,0,NA,0.5,0,-28.8,0,,,NA,0,0,NA,,0,,,NA,915,0,8101505
FREDERICTON CDA CS,45.92,-66.609,NB,-14.8,0,NA,0.4,0,-27.2,0,,,NA,58.8,0,NA,29,10,,,NA,917.9,0,8101605
FUNDY PARK (ALMA) CS,45.6,-64.95,NB,-11.6,0,NA,1.4,0,-23.9,0,,,NA,146.5,1,NA,71,11,,,NA,828.3,0,8101746
GAGETOWN A,45.833,-66.433,NB,-14.5,27,NA,-12.6,27,-16.3,27,,,NA,0,27,NA,,0,,,NA,32.5,0,8101792
GAGETOWN AWOS A,45.839,-66.45,NB,-12.9,26,NA,-3.5,26,-20.3,26,,,NA,0,26,NA,,0,,,NA,61.7,0,8101794
GRAND MANAN SAR CS,44.712,-66.802,NB,-10.5,0,NA,2.8,0,-26.3,0,,,NA,87.8,0,NA,,14,,,NA,798.5,0,8101925
JUNIPER,46.55,-67.167,NB,-17,5,-6.3,-1.6,5,-34.1,5,29,9,NA,29,5,NA,98,7,,,NA,804.1,0,8102275
KOUCHIBOUGUAC CS,46.77,-65.007,NB,,,NA,,,,,,,NA,26.1,1,NA,138,2,,,NA,,,8102328
MACTAQUAC PROV PARK,45.954,-66.899,NB,-13.9,6,-5.7,0,6,-29,6,78.3,6,NA,78.3,6,NA,0,7,,,NA,701.5,0,8102536
MECHANIC SETTLEMENT,45.694,-65.165,NB,-14.4,0,NA,-0.4,0,-27.5,0,,,NA,132.9,1,NA,35,18,,,NA,906.5,0,8102848
MISCOU ISLAND (AUT),48.009,-64.494,NB,-12.8,13,NA,-2.6,13,-22.6,12,,,NA,51.5,13,NA,,8,,,NA,461.3,0,8103050
MONCTON INTL A,46.112,-64.679,NB,-13.6,0,NA,0.6,0,-25.3,0,168.6,0,NA,149.7,0,NA,146,11,,,NA,885.2,0,8103201
OAK POINT,45.507,-66.099,NB,-12.8,0,NA,1.5,0,-29,0,137.2,0,NA,138.2,0,NA,100,11,,,NA,861.8,0,8103780
POINT LEPREAU CS,45.073,-66.449,NB,-10.3,0,NA,4.2,0,-21.9,0,,,NA,56,0,NA,34,9,,,NA,792.2,0,8104201
RED PINES,47.439,-65.598,NB,-16.7,0,NA,-1.2,0,-35.2,0,,,NA,105.2,2,NA,100,20,,,NA,971.4,0,8104295
SAINT JOHN A,45.316,-65.89,NB,-13.8,0,NA,2,0,-28.5,0,184.4,0,NA,184.4,1,NA,212,14,,,NA,890.9,0,8104901
ST. STEPHEN,45.21,-67.253,NB,-14.3,0,NA,0.6,0,-30.9,0,,,NA,70.6,0,NA,70,10,,,NA,904,0,8104935
UPSALQUITCH LAKE,47.456,-66.415,NB,-17.6,0,-6.8,-7,0,-32,0,75,0,175,75,0,152,165,9,,,NA,996,0,8105551
WOODSTOCK,46.17,-67.554,NB,-15.4,0,-6,-2,0,-30,0,78.6,0,166,78.6,0,110,68,9,,,NA,935.8,0,8105600
WOODSTOCK NEWBRIDGE,46.152,-67.543,NB,-15.9,0,NA,-1.5,0,-31.4,0,,,NA,52.4,0,NA,48,10,,,NA,950.3,0,8105603
ST LEONARD CS,47.158,-67.832,NB,-17.3,0,NA,-2.8,0,-31.2,0,,,NA,,,NA,,,,,NA,989.7,0,810I001
BACCARO PT,43.451,-65.472,NS,-5.6,0,NA,7.9,0,-17.8,0,,,NA,115.9,1,NA,,10,,,NA,661.9,0,8200255
BEAVER ISLAND (AUT),44.817,-62.333,NS,-6.4,0,NA,7.4,0,-20.5,0,,,NA,,,NA,,,,,NA,682.5,0,8200558
BRIER ISLAND,44.286,-66.347,NS,-6.3,0,NA,4.4,0,-17.1,0,,,NA,44.3,10,NA,,5,,,NA,681,0,8200604
CARIBOU POINT (AUT),45.767,-62.683,NS,-10.4,0,NA,5.2,0,-22.9,0,,,NA,164.8,0,NA,75,14,,,NA,795,0,8200774
CHETICAMP CS,46.645,-60.947,NS,-9.5,0,NA,9.4,0,-21.8,0,,,NA,163.9,0,NA,48,12,,,NA,769.1,0,8200827
CHETICAMP SNOW,46.633,-60.95,NS,,,NA,,,,,34,4,NA,110,4,NA,6,13,,,NA,,,8200830
MYRA CREEK,49.576,-125.606,BC,5.8,4,NA,12,2,-1.5,2,0,2,NA,437.2,2,NA,0,15,,,NA,292,0,1025254
NANAIMO A,49.054,-123.87,BC,7.4,0,3.2,14.9,0,-2.9,0,0,0,0,149.9,0,119,0,13,,,NA,295.5,0,1025370
NANAIMO CITY YARD,49.199,-123.988,BC,,,NA,,,,,0,0,0,162.4,0,141,0,12,,,NA,,,10253G0
PORT HARDY A,50.681,-127.367,BC,6.7,0,NA,14.9,0,-2.9,0,0,0,NA,118.4,0,NA,,15,,,NA,316.2,0,1026271
QUALICUM BEACH AIRPORT,49.337,-124.394,BC,7.3,0,NA,14.8,0,-1.6,0,,,NA,125,0,NA,0,12,,,NA,299.5,0,1026562
QUALICUM R FISH RESEARCH,49.394,-124.617,BC,7.4,2,3.3,14.5,2,-1,2,0,2,NA,171.2,2,NA,0,11,,,NA,274.6,0,1026565
QUINSAM RIVER HATCHERY,50.016,-125.304,BC,7,0,3.2,15,0,-2.5,0,0,0,0,165.6,0,103,0,16,,,NA,308.6,0,1026639
SISTERS ISLAND,49.487,-124.435,BC,8.6,0,NA,14.2,0,4.5,0,,,NA,,,NA,,,,,NA,263.2,0,1027403
ENTRANCE ISLAND,49.209,-123.809,BC,8.3,6,NA,13,6,3.5,6,0,6,NA,107.2,6,NA,0,11,,,NA,213.6,0,102BFHH
ALBERNI ROBERTSON CREEK,49.337,-124.982,BC,7.2,3,4.1,18,3,-5,3,0,3,NA,139.4,3,NA,0,11,,,NA,271,0,1030230
CAPE BEALE LIGHT,48.786,-125.216,BC,9.5,1,3.5,15,1,4.5,1,0,1,NA,220.4,1,NA,0,14,,,NA,228.2,0,1031316
CARMANAH POINT,48.612,-124.751,BC,,,NA,,,,,0,0,0,210.8,0,69,0,16,,,NA,,,1031402
ESTEVAN POINT,49.383,-126.543,BC,8.9,0,2.9,13.5,0,2,0,0,0,0,237.3,0,76,0,15,,,NA,255.6,0,1032730
ESTEVAN POINT CS,49.383,-126.543,BC,8.7,0,NA,14,0,2.3,0,,,NA,223.3,0,NA,,16,,,NA,260.1,0,1032
AMHERSTBURG,42.103,-83.094,ON,-8.9,16,-7,2.5,14,-24,16,30,14,NA,32.8,14,NA,,7,,,NA,322.4,0,6130257
CHATHAM WPCP,42.39,-82.215,ON,-14.4,19,-12,-5,19,-26,19,2,19,NA,2,19,NA,,2,,,NA,291.5,0,6131415
DELHI CS,42.867,-80.55,ON,-13.6,0,NA,0.8,0,-34.1,0,,,NA,49.6,0,NA,,12,,,NA,884.4,0,6131983
FORT ERIE,42.883,-78.967,ON,-13.6,9,-10.3,1,9,-27.5,9,93,9,NA,93,9,NA,40,10,,,NA,599.6,0,6132470
GRIMSBY MOUNTAIN,43.184,-79.558,ON,-11.1,0,NA,0.5,0,-26.7,0,73.2,0,NA,57.5,0,NA,39,9,,,NA,815,0,6133055
KINGSVILLE MOE,42.043,-82.674,ON,-10.3,3,-7.8,5,3,-24,3,29.5,3,NA,29.5,3,NA,0,10,,,NA,707.9,0,6134190
LONG POINT (AUT),42.567,-80.05,ON,-11.1,0,NA,3.6,0,-24.1,0,,,NA,,,NA,,,,,NA,815.9,0,6134F10
NEW GLASGOW,42.514,-81.636,ON,-11.9,0,-8.8,1,0,-29,0,55,0,332,56,0,105,0,10,,,NA,837.5,0,6135583
PORT COLBORNE,42.883,-79.25,ON,-10.9,2,-8,0,2,-26,2,80,2,NA,80,2,NA,20,17,,,NA,751.2,0,6136606
PORT WELLER (AUT),43.25,-79.217,ON,-9.7,0,NA,0.6,0,-21.2,0,,,NA,26.3,0,NA,13,10,,,NA,776.4,0,6136699
RAINHAM CENTURY FARM,42.85,-79.767,ON,-12.9,1,NA,0.5,1,-33,1,41,1,NA,41,1,NA,42,7,,,NA,833.4,0,6137135
RIDGETOWN RCS,42.45,-81.883,ON,-13.4,0,NA,2.7,0,-31.9,0,,,NA,37.5,0,NA,,8,,,NA,878.6,0,6137154
ST CATHARINES BROCK U,43.118,-79.248,ON,,,NA,,,,,64.5,0,NA,54.9,0,NA,31,13,,,NA,,,6137290
ST THOMAS WPCP,42.768,-81.205,ON,-11.3,7,-7.7,3.5,5,-32,2,73.5,2,NA,73.5,2,NA,39,13,,,NA,615.2,0,6137362
TILLSONBURG NORTH,42.861,-80.741,ON,-12.6,0,NA,2.5,0,-31.5,0,70.4,0,NA,70.4,0,NA,37,12,,,NA,856.4,0,6138269
TILLSONBURG WWTP,42.855,-80.722,ON,,,NA,,,,,60,0,NA,60,0,NA,38,10,,,NA,,,6138270
VINELAND STATION RCS,43.183,-79.4,ON,-10.6,1,NA,0.9,1,-23.1,0,,,NA,30.7,4,NA,,8,,,NA,773.2,0,6139148
WELLAND-PELHAM,42.967,-79.333,ON,-13.1,0,NA,0.1,0,-31.9,0,,,NA,34.1,0,NA,,8,,,NA,871.9,0,6139449
WINDSOR RIVERSIDE,42.333,-82.933,ON,-9.1,0,NA,6.5,0,-23.5,0,46.2,0,NA,47.8,0,NA,26,9,,,NA,757.4,0,6139520
WINDSOR A,42.276,-82.955,ON,-11,0,NA,4.4,0,-26.7,0,70.6,0,NA,58.4,0,NA,19,10,,,NA,811.1,0,6139527
PORT COLBORNE (AUT),42.867,-79.25,ON,-11.9,0,NA,-0.2,0,-25.3,0,,,NA,,,NA,,,,,NA,836.1,0,613F606
ERIEAU (AUT),42.25,-81.9,ON,-10.9,0,NA,4.8,0,-25.1,0,,,NA,,,NA,,,,,NA,810.4,0,613KLLM
POINT PELEE CS,41.949,-82.519,ON,-11.3,0,NA,6.2,0,-26.5,0,,,NA,,,NA,,,,,NA,820.4,0,613P001
BRANTFORD AIRPORT,43.133,-80.333,ON,-14.2,0,NA,0.8,0,-31.4,0,,,NA,19.9,0,NA,10,6,,,NA,901.2,0,6140942
DORCHESTER,43.002,-81.033,ON,,,NA,,,,,64.2,0,NA,64.6,0,NA,36,12,,,NA,,,6142066
ELORA RCS,43.65,-80.417,ON,-15.4,0,NA,-2.9,0,-31.2,0,,,NA,58.2,0,NA,,22,,,NA,933.8,0,6142286
FERGUS SHAND DAM,43.735,-80.33,ON,-15,0,-8.7,-2.5,0,-32,0,52.8,0,173,52.8,0,95,33,12,,,NA,924.1,0,6142400
FERGUS MOE,43.702,-80.379,ON,-15.2,0,NA,-2.5,0,-30,0,57.3,0,NA,57.3,0,NA,36,15,,,NA,929,0,6142402
FOLDENS,43.018,-80.781,ON,-16.1,13,-11.6,-6,13,-28,13,19.2,13,NA,19.2,13,NA,26,6,,,NA,512.1,0,6142420
GUELPH TURFGRASS,43.55,-80.217,ON,-14.8,0,NA,-2.1,0,-32.7,0,,,NA,,,NA,,,,,NA,918.9,0,6143089
JAMESTOWN,43.803,-81.184,ON,,,NA,,,,,58,0,NA,58,0,NA,30,15,,,NA,,,6143905
KITCHENER/WATERLOO,43.461,-80.379,ON,-14.8,0,NA,-1.6,0,-34.1,0,,,NA,7.5,1,NA,,2,,,NA,917.5,0,6144239
LONDON A,43.033,-81.151,ON,-13.6,0,NA,0.4,0,-30.5,0,,,NA,,,NA,,,,,NA,884.1,0,6144473
LONDON INT'L AIRPORT,43.033,-81.151,ON,,,,,,,,59,0,154,46,0,70,35,9,,,NA,,,6144475
LONDON CS,43.033,-81.15,ON,-13.1,0,NA,0.5,0,-28.8,0,,,NA,34.7,0,NA,,10,,,NA,871.4,0,6144478
MOUNT FOREST (AUT),43.983,-80.75,ON,-15.1,0,NA,-3.4,0,-31.5,0,,,NA,53.1,0,NA,26,19,,,NA,928.1,0,6145504
ROSEVILLE,43.354,-80.474,ON,-13.7,2,-8.3,12,2,-32,2,60,2,NA,60,2,NA,45,10,,,NA,822.9,0,6147188
STRATFORD WWTP,43.369,-81.005,ON,-14.9,9,-9.9,-3,9,-32,9,37.3,9,NA,37.3,9,NA,,9,,,NA,624.6,0,6148105
STRATHROY-MULLIFARRY,42.981,-81.643,ON,-13.9,0,NA,2,0,-32.5,0,42,0,NA,43.2,0,NA,28,14,,,NA,892,0,6148122
WATERLOO WELLINGTON 2,43.45,-80.383,ON,,,NA,,,,,55.2,0,NA,48.2,0,NA,28,12,,,NA,,,6149389
WOODSTOCK,43.136,-80.771,ON,-12.8,14,-8.2,-1.5,14,-33,14,19,14,NA,19,14,NA,,7,,,NA,431.8,0,6149625
BELLEVILLE,44.151,-77.395,ON,-14.3,0,-9.2,-2,0,-33,0,51.1,0,178,51.1,0,88,40,15,,,NA,904.6,0,6150689
BLACKSTOCK,44.1,-78.833,ON,-14.5,0,NA,12,0,-31,0,57.2,0,NA,57.2,0,NA,35,11,,,NA,909,0,6150790
BURLINGTON PIERS (AUT),43.3,-79.8,ON,-11.1,0,NA,0.6,0,-23.4,0,,,NA,,,NA,,,,,NA,815.9,0,6151061
CENTREVILLE,44.403,-76.908,ON,-14.8,2,-7.9,-2.5,1,-29.5,2,58.6,1,NA,58.6,1,NA,72,13,,,NA,852.8,0,6151309
COBOURG (AUT),43.95,-78.167,ON,-12.1,0,NA,-1.2,0,-24.7,0,,,NA,45.2,0,NA,3,11,,,NA,842.5,0,6151684
COBOURG STP,43.967,-78.183,ON,-11.1,20,-6.8,-2,20,-20.5,20,10,20,NA,10,20,NA,,2,,,NA,232.6,0,6151689
GEORGETOWN WWTP,43.64,-79.879,ON,-16.3,19,-11.1,-3.5,19,-32,19,5,19,NA,5,19,NA,,3,,,NA,309.1,0,6152695
HAMILTON A,43.174,-79.935,ON,-13.6,0,NA,-0.7,0,-29.1,0,56.6,0,NA,55,0,NA,50,11,,,NA,885.5,0,6153193
HAMILTON RBG CS,43.292,-79.908,ON,-12.1,0,NA,0.4,0,-27.3,0,,,NA,36,0,NA,,6,,,NA,844.1,0,6153301
KALADAR,44.648,-77.117,ON,-14.6,0,NA,13.5,0,-28.5,0,64.9,0,NA,64.9,0,NA,85,12,,,NA,914.1,0,6153935
OAKVILLE TWN,43.513,-79.69,ON,-12.7,3,NA,-1,2,-27.8,2,51.5,3,NA,32.2,2,NA,0,8,,,NA,766.4,0,6155750
ORANGEVILLE MOE,43.918,-80.086,ON,-15.6,2,-9.1,-4,1,-34,1,68.5,1,NA,68.5,1,NA,23,14,,,NA,873.6,0,6155790
OSHAWA,43.923,-78.883,ON,-14.1,1,NA,-1.5,1,-26.2,1,,,NA,23.3,3,NA,,4,,,NA,866,0,6155875
OSHAWA WPCP,43.867,-78.833,ON,-10.9,0,-7.3,13,0,-25,0,60.5,0,243,60.5,0,107,13,13,,,NA,809.4,0,6155878
POINT PETRE (AUT),43.833,-77.15,ON,-11.4,15,NA,0.1,13,-23.9,11,,,NA,31.3,19,NA,28,7,,,NA,381.7,0,6156559
MONO CENTRE,44.032,-80.024,ON,-15.4,0,NA,-4.3,0,-29.6,0,,,NA,39.9,3,NA,18,11,,,NA,934.1,0,6157000
STIRLING,44.293,-77.555,ON,,,NA,,,,,6.5,17,NA,6.5,16,NA,,2,,,NA,,,6158052
TORONTO,43.667,-79.4,ON,,,,,,,,44.7,0,165,41.6,0,75,24,9,,,NA,,,6158350
TORONTO CITY,43.667,-79.4,ON,-11.1,0,NA,-0.7,0,-25.1,0,,,NA,31.9,0,NA,,6,,,NA,814.7,0,6158355
TORONTO CITY CENTRE,43.628,-79.396,ON,-10.9,0,NA,-0.7,0,-24.9,0,,,NA,3,0,NA,,1,,,NA,808.5,0,6158359
TORONTO INTL A,43.677,-79.631,ON,-12.6,0,NA,-1.4,0,-25.5,0,39,0,NA,31.2,1,NA,18,6,,,NA,856.8,0,6158731
TORONTO EAST YORK DUSTAN,43.697,-79.339,ON,-11.1,0,NA,-1,0,-25.5,0,44.4,0,NA,44.6,0,NA,27,7,,,NA,815.8,0,6158751
TRENTON A,44.117,-77.533,ON,-13.8,0,-8.1,-1.7,0,-26.9,0,86.4,0,249,73.3,0,130,29,12,,,NA,889.4,0,6158875
UXBRIDGE WEST,44.098,-79.164,ON,-14.8,0,NA,-3.3,0,-28.8,0,,,NA,29,0,NA,7,8,,,NA,919,0,6159123
MOUNTAINVIEW,44.052,-77.302,ON,-12.7,0,-7.4,0,0,-26.5,0,100.8,0,336,100.8,0,179,59,16,,,NA,859,0,615EMR7
TORONTO BUTTONVILLE A,43.862,-79.37,ON,-13.3,0,-7.7,-1.8,0,-26.8,0,46.7,0,156,36.2,0,72,23,8,,,NA,876.3,0,615HMAK
TORONTO NORTH YORK,43.78,-79.468,ON,-12.4,0,NA,-1,0,-26.5,0,51.4,0,NA,39.2,0,NA,27,6,,,NA,851.1,0,615S001
COE HILL,44.923,-77.885,ON,-17.2,9,NA,-4,9,-31.5,9,22.5,9,NA,22.5,9,NA,,7,,,NA,669.5,0,6161740
HALIBURTON 3,45.032,-78.531,ON,-17.4,0,-8.3,-3,0,-37.5,0,55.7,0,106,55.7,0,75,52,13,,,NA,991.4,0,6163171
PETERBOROUGH,44.23,-78.363,ON,-15.8,1,NA,-2,1,-31,1,,,NA,2,4,NA,,1,,,NA,912.4,0,6166415
PETERBOROUGH TRENT U,44.35,-78.3,ON,-16,10,NA,-3.6,6,-29.1,6,,,NA,4.3,24,NA,36,2,,,NA,612.3,0,6166456
SONYA SUNDANCE MEADOWS,44.217,-78.95,ON,,,NA,,,,,40.8,0,NA,40.8,0,NA,28,11,,,NA,,,6168100
TAPLEY,44.171,-78.501,ON,,,NA,,,,,75.8,0,NA,75.8,0,NA,43,17,,,NA,,,6168525
BANCROFT AUTO,45.071,-77.879,ON,-17.6,0,NA,-4.1,0,-35.3,0,,,NA,28.4,0,NA,40,11,,,NA,997.7,0,616I001
BEAUPORT,46.837,-71.197,QC,,,NA,,,,,,,NA,30.2,2,NA,,14,,,NA,,,7010565
COTEAU DU LAC,45.317,-74.167,QC,-16.3,11,NA,-3.5,5,-30,6,76.2,0,NA,76.2,0,NA,52,14,,,NA,583.4,0,7011947
DESCHAMBAULT,46.667,-71.917,QC,-17.2,13,-6.9,-4,10,-34,9,18,4,NA,18,4,NA,,5,,,NA,527.6,0,7011982
DESCHAMBAULT,46.691,-71.972,QC,-18.5,0,NA,-1.8,0,-35.2,0,,,NA,28.1,0,NA,,11,,,NA,1022.4,0,7011983
HEROUXVILLE,46.667,-72.6,QC,-18.8,13,NA,-4,5,-39,11,25,2,NA,25,2,NA,46,7,,,NA,552.1,0,7013100
L'ASSOMPTION,45.809,-73.435,QC,-17.4,0,NA,-4.4,0,-31,0,,,NA,32,0,NA,19,12,,,NA,990.4,0,7014160
LES CEDRES,45.3,-74.05,QC,-15.3,9,NA,-3.5,6,-29,6,63.5,2,NA,63.5,2,NA,40,10,,,NA,632.9,0,7014290
LOUISEVILLE,46.267,-73.017,QC,-18.8,22,-8.7,-3,17,-33,18,25.8,3,NA,25.8,3,NA,39,7,,,NA,220.7,0,7014332
OKA,45.5,-74.067,QC,-16.2,10,-7.3,-5,6,-27,5,39.4,2,NA,39.4,2,NA,36,12,,,NA,615.8,0,7015730
L'ETAPE,47.562,-71.229,QC,-22.7,0,NA,-8.5,0,-39.7,0,,,NA,32.5,0,NA,,13,,,NA,1140.7,0,7015791
QUEBEC/JEAN LESAGE INTL A,46.8,-71.383,QC,,,,,,,,23.8,0,37,19.9,0,27,76,6,,,NA,,,7016294
RIGAUD,45.5,-74.367,QC,-16.6,12,-7.8,-4.5,10,-31.5,3,75.6,1,NA,75.6,1,NA,62,13,,,NA,554.1,0,7016470
RIVIERE VERTE OUEST,46.983,-71.833,QC,-18.8,16,-7.7,-6,6,-36.5,10,39.8,0,61,39.8,0,49,65,6,,,NA,441.9,0,7016675
ST ALBAN,46.717,-72.083,QC,-17.6,14,-7.4,-4,11,-35,12,7,9,NA,7,9,NA,54,3,,,NA,498.4,0,7016800
ST ALEXIS DES MONTS,46.533,-73.15,QC,-17.4,22,-6.9,-4,11,-35,19,28,0,64,28,0,49,50,7,,,NA,212.5,0,7016816
STE ANNE DE LA PERADE,46.583,-72.233,QC,-17.6,4,-7.2,-5,3,-34,1,61.6,0,120,61.6,0,92,36,10,,,NA,855,0,7016840
STE BEATRIX,46.2,-73.6,QC,-18.5,23,-7.7,-4,17,-35,19,17,3,NA,17,3,NA,,5,,,NA,182.3,0,7016902
ST CHARLES DE MANDEVILLE,46.35,-73.35,QC,-17.2,11,-7,-4.5,10,-33,5,28.8,3,NA,28.8,3,NA,52,9,,,NA,599.1,0,7016960
STE CHRISTINE,46.817,-71.917,QC,-17,14,NA,-5,14,-33,4,37.8,0,NA,37.8,0,NA,66,7,,,NA,490.5,0,7017000
ST COME,46.283,-73.75,QC,-18.6,6,-7.2,-3,4,-36,3,24,0,46,24,0,36,52,7,,,NA,805.6,0,7017080
ST JACQUES,45.95,-73.583,QC,-17.6,5,NA,-4.5,2,-34,4,28.5,0,NA,28.5,0,NA,52,10,,,NA,817.8,0,7017380
ST JANVIER,45.733,-73.883,QC,,,NA,,,-30,3,10,9,NA,10,9,NA,,4,,,NA,,,7017386
ST NARCISSE,46.533,-72.433,QC,-17.6,3,-7.4,-4,2,-34,2,39.6,0,117,39.6,0,79,56,7,,,NA,890.7,0,7017585
SHAWINIGAN,46.563,-72.733,QC,-17.2,0,NA,-4.2,0,-31.5,0,,,NA,,,NA,,,,,NA,985.9,0,7018001
TROIS RIVIERES A-2,46.35,-72.667,QC,,,NA,,,,,45.5,0,NA,27.1,0,NA,58,9,,,NA,,,7018560
TROIS-RIVIERES,46.354,-72.516,QC,-16,0,NA,-3.6,0,-28.6,0,,,NA,22.8,0,NA,,10,,,NA,953.1,0,7018562
TROIS-RIVIERES,46.367,-72.683,QC,-18.5,0,NA,-5.1,0,-35.3,0,,,NA,16.3,0,NA,45,7,,,NA,1021.3,0,7018563
VALCARTIER A,46.9,-71.503,QC,-19.7,0,NA,-4.3,0,-38.1,0,,,NA,20.5,0,NA,,6,,,NA,1056.1,0,7018573
LAC AUX SABLES,46.867,-72.4,QC,-18.6,3,-7.5,-4,1,-36.5,2,26,0,54,26,0,42,88,8,,,NA,915.9,0,701LEEH
LAC SAINT-PIERRE,46.183,-72.917,QC,-16.5,0,NA,-4.1,0,-30.3,0,,,NA,,,NA,,,,,NA,967.2,0,701LP0N
STE-FOY (U. LAVAL),46.78,-71.288,QC,-16.1,0,NA,-4.9,0,-27.7,0,,,NA,21.1,0,NA,43,9,,,NA,953.9,0,701Q004
LEMIEUX,46.304,-72.061,QC,-19,0,NA,-4.5,0,-37.7,0,,,NA,31.9,0,NA,,9,,,NA,1035.2,0,701Q009
QUEBEC/JEAN LESAGE INTL,46.804,-71.382,QC,-17.7,0,NA,-4.8,0,-33.8,0,,,NA,19.8,0,NA,,5,,,NA,999.8,0,701S001
ARTHABASKA,46.017,-71.95,QC,-16.6,9,-7.1,-4,3,-31,7,26.6,5,NA,26.6,5,NA,50,7,,,NA,657.6,0,7020305
AUTEUIL,45.65,-73.733,QC,-15.6,21,NA,-5,19,-25,21,33.2,12,NA,33.2,12,NA,46,5,,,NA,235.5,0,7020392
BEAUSEJOUR,46.667,-71.167,QC,-17.3,6,-7.1,-3.5,4,-31,3,51.9,0,78,51.9,0,64,64,10,,,NA,776.9,0,7020567
BONSECOURS,45.4,-72.267,QC,-16.3,24,-7.3,-4,20,-27,23,38,20,NA,38,20,NA,,8,,,NA,137.3,0,7020828
BROMPTONVILLE,45.483,-71.95,QC,-13.5,27,-4.9,-5,25,-24,24,40.5,8,NA,40.5,8,NA,30,8,,,NA,31.5,0,7020860
COATICOOK,45.15,-71.8,QC,-16,0,-8.1,-2.6,0,-28.3,0,56.6,2,NA,56.6,2,NA,39,12,,,NA,952.1,0,7021840
DANVILLE,45.817,-71.983,QC,-16.8,5,NA,-2.5,4,-33,1,22,4,NA,22,4,NA,40,7,,,NA,801.5,0,7021954
DRUMMONDVILLE,45.883,-72.483,QC,-16.2,13,-7.9,-3.5,8,-31,10,55,0,105,55,0,76,30,13,,,NA,513.6,0,7022160
FARNHAM,45.3,-72.9,QC,-15.2,9,-6.9,-1.5,4,-30.2,5,62.5,0,145,62.5,0,97,88,14,,,NA,631.3,0,7022320
FLEURY,45.8,-73,QC,-15.8,8,-7,-3,4,-29,4,14.5,6,NA,14.5,6,NA,50,4,,,NA,675.5,0,7022375
FORTIERVILLE,46.483,-72.05,QC,-17.5,2,-7.1,-4.5,1,-30.6,1,32,0,64,32,0,49,45,8,,,NA,923.5,0,7022494
FRELIGHSBURG,45.033,-72.85,QC,-14.6,0,NA,-2,0,-25.7,0,,,NA,51.6,0,NA,45,11,,,NA,912.6,0,7022579
GEORGEVILLE,45.133,-72.233,QC,-15.4,8,-7.1,-1.5,7,-30.5,7,35,2,NA,35,2,NA,35,8,,,NA,667.4,0,7022720
GRANBY,45.383,-72.717,QC,-14.5,10,-6.7,-3,5,-26,5,64.2,0,125,64.2,0,88,37,12,,,NA,584.9,0,7022800
HEMMINGFORD FOUR WINDS,45.067,-73.717,QC,-15,9,-7.5,-1.5,5,-31,7,32,2,NA,32,2,NA,30,8,,,NA,627,0,7023075
IBERVILLE,45.333,-73.25,QC,-15.5,27,-7.6,-7,24,-29,23,15.6,4,NA,15.6,4,NA,40,5,,,NA,33.5,0,7023270
VARENNES,45.723,-73.377,QC,-16,0,NA,-3.3,0,-28.4,0,,,NA,,,NA,,,,,NA,950.8,0,702327X
LAC MEGANTIC 2,45.6,-70.867,QC,-8,27,1.6,-4.5,12,-25,25,16,11,NA,16,11,NA,52,2,,,NA,26,0,7023677
LAPRAIRIE,45.383,-73.433,QC,-16.7,13,NA,-3.5,10,-30,7,36.2,5,NA,36.2,5,NA,,8,,,NA,520.2,0,7024100
LAURIERVILLE,46.333,-71.667,QC,-16.8,17,-7,-5,6,-28,16,26.2,3,NA,26.2,3,NA,30,6,,,NA,382.8,0,7024250
LAUZON,46.817,-71.1,QC,-19,16,-9.2,-5,8,-29.5,12,46.5,0,74,46.5,0,63,24,7,,,NA,444.4,0,7024254
LENNOXVILLE,45.369,-71.824,QC,-16.4,0,NA,-2.2,0,-32.7,0,,,NA,32.6,0,NA,25,14,,,NA,962.2,0,7024280
LINGWICK,45.633,-71.367,QC,-16.8,7,NA,-2,2,-34.5,7,70,1,NA,70,1,NA,44,14,,,NA,730.2,0,7024320
MAGOG,45.267,-72.117,QC,-14.2,6,-5.9,-2.5,5,-28,3,27.5,1,NA,27.5,1,NA,35,7,,,NA,707.4,0,7024440
MARIEVILLE,45.4,-73.133,QC,-15.2,9,-6.8,-3,6,-27,7,46.5,3,NA,46.5,3,NA,43,10,,,NA,631.1,0,7024627
MCTAVISH,45.506,-73.579,QC,-14.2,0,NA,-3.4,0,-23.9,0,,,NA,,,NA,,,,,NA,902.5,0,7024745
MILAN,45.583,-71.117,QC,-16.5,3,-6.5,-3.5,2,-29,1,41,2,NA,41,2,NA,70,8,,,NA,863.2,0,7024920
MONTREAL/PIERRE ELLIOTT TRUDEAU INTL A,45.467,-73.75,QC,-15.2,0,-7.5,-3.6,0,-25.4,0,61,0,148,47.8,0,76,15,11,,,NA,929.3,0,7025250
MONTREAL INTL A,45.471,-73.741,QC,-15.2,0,NA,-3.6,0,-25.4,0,48.6,0,NA,47.8,0,NA,15,11,,,NA,929.3,0,7025251